name,wiki_title,pageviews_12m,group,kind,suggested_rank_1_10,why_it_fits,source_note,steady_12m
Napoleon Bonaparte,Napoleon,4160203,historical,legend,9,Most famous general in history; 4M views; ranks beside Alexander and Caesar,Public domain history; pre-1900 (d. 1821),4074648
Genghis Khan,Genghis Khan,3267147,historical,legend,9,"Mongol conqueror, global brand name; steppe-warrior body",Secret History of the Mongols (13th c.),3059016
William the Conqueror,William the Conqueror,2500807,historical,legend,7,1066 knight-commander fits the knight body,Bayeux Tapestry; ASC,1842324
Helen of Troy,Helen of Troy,2420960,greek,legend,4,The face of the Iliad; non-combat figure so mid-low rank,"Homer, Iliad. SPIKE: peak 2026-07 is 14.9x the median month (Nolan's The Odyssey film, July 2026); steady rate about 845,604/yr",845604
Augustus,Augustus,2029099,historical,legend,8,"First emperor, Roman-legion theme",Res Gestae Divi Augusti,2015988
Charlemagne,Charlemagne,1900412,historical,legend,8,"Paladin king, pairs with Roland already in list","Einhard, Vita Karoli",1888464
Marcus Aurelius,Marcus Aurelius,1873900,historical,legend,7,Philosopher-emperor who fought the Marcomannic wars,Meditations; Historia Augusta,1871592
Calypso,Calypso (mythology),1749450,greek,legend,3,Sorceress-nymph of Odyssey,"Homer, Odyssey bk 5. SPIKE: peak 2026-07 is 19.3x the median month (Nolan's The Odyssey film, July 2026); steady rate about 528,744/yr",528744
Oliver Cromwell,Oliver Cromwell,1692677,historical,legend,6,"Ironsides commander, plate-armour look",Public domain history (d. 1658),1703856
Henry V of England,Henry V of England,1676601,historical,legend,7,"Agincourt, a longsword-era knight-king",Gesta Henrici Quinti,1693248
Nero,Nero,1513415,historical,legend,6,"Infamous emperor, strong name pull",Tacitus; Suetonius,1486176
Richard III of England,Richard III of England,1498347,historical,legend,7,"Last Plantagenet, died sword in hand at Bosworth",Public domain history (d. 1485),1454724
Harold Godwinson,Harold Godwinson,1495788,historical,legend,6,"Hastings, housecarl axe-and-shield","Bayeux Tapestry; ASC. SPIKE: peak 2025-09 is 5.7x the median month; steady rate about 828,168/yr",828168
Saladin,Saladin,1462051,historical,legend,8,"Richard's rival, scimitar duelist",Baha al-Din ibn Shaddad (13th c.); historical figure not scripture,1426236
Caligula,Caligula,1374482,historical,legend,5,"Infamous Roman emperor, gladiator-games host",Suetonius,1337712
Alfred the Great,Alfred the Great,1347849,historical,legend,6,Saxon king who beat the Danes,"Asser, Life of King Alfred",1311888
Tutankhamun,Tutankhamun,1310001,egyptian,legend,5,"The best-known pharaoh, chariot-warrior iconography",Historical pharaoh (d. c.1323 BC),1233924
Cyrus the Great,Cyrus the Great,1286625,persian,legend,8,Founder of the Persian empire,"Herodotus; Xenophon, Cyropaedia",1074504
Don Quixote,Don Quixote,1284897,literary,legend,3,The knight-errant; windmill duel fits a lance fight,"Cervantes (1605/1615), public domain",1284480
Qin Shi Huang,Qin Shi Huang,1143000,east-asian-folklore,legend,8,"First emperor of China, terracotta army","Sima Qian, Shiji. SPIKE: peak 2025-12 is 3.3x the median month; steady rate about 906,336/yr",906336
Timur (Tamerlane),Timur,1075140,historical,legend,8,"Steppe conqueror, scimitar body",Ibn Arabshah (15th c.),1075536
Telemachus,Telemachus,1061839,greek,legend,3,"Odysseus' son, young spearman","Homer, Odyssey. SPIKE: peak 2026-07 is 12.7x the median month (Nolan's The Odyssey film, July 2026); steady rate about 444,588/yr",444588
Menelaus,Menelaus,1040420,greek,legend,4,"Spartan king, Helen's husband, duelled Paris","Homer, Iliad. SPIKE: peak 2026-07 is 20.5x the median month (Nolan's The Odyssey film, July 2026); steady rate about 293,580/yr",293580
Wellington,"Arthur Wellesley, 1st Duke of Wellington",1013416,historical,legend,7,Waterloo victor; pairs with Napoleon,Public domain history (d. 1852); pre-1900,991188
Moby Dick,Moby-Dick,980540,literary,legend,9,The white whale as a great sea beast,"Melville (1851), public domain",977460
Attila the Hun,Attila,975431,historical,legend,8,"Scourge of God, horse-lord",Priscus (5th c.),939156
Mark Antony,Mark Antony,954431,historical,legend,6,"Roman general, Cleopatra's lover","Plutarch, Life of Antony",942348
Commodus,Commodus,928630,historical,legend,7,"The gladiator emperor, fought in the arena",Cassius Dio; Historia Augusta,919992
Penelope,Penelope,921786,greek,legend,2,Odysseus' queen; fits a bow-contest boss,"Homer, Odyssey. SPIKE: peak 2026-07 is 9.7x the median month (Nolan's The Odyssey film, July 2026); steady rate about 462,720/yr",462720
Krampus,Krampus,891174,european-folklore,legend,6,"Alpine horned winter beast, huge social pull","Alpine folk custom, 19th-c. postcards (pre-1929). SPIKE: peak 2025-12 is 21.2x the median month; steady rate about 267,768/yr",267768
Horatio Nelson,"Horatio Nelson, 1st Viscount Nelson",875550,historical,legend,7,Trafalgar admiral with cutlass; pre-1900,Public domain history (d. 1805),730680
Mehmed the Conqueror,Mehmed II,861382,historical,legend,7,Took Constantinople 1453,Kritovoulos (15th c.),862284
Sisyphus,Sisyphus,853905,greek,legend,4,"The rock-pusher, cunning king of Corinth","Homer, Odyssey 11; Ovid",819660
Canute the Great,Cnut,820264,historical,legend,6,Danish-English sea king,ASC; Encomium Emmae,807012
Kublai Khan,Kublai Khan,807972,historical,legend,8,Mongol emperor of China,"Marco Polo, Travels",777336
Akbar,Akbar,806054,historical,legend,7,"Mughal emperor, sword and elephant","Abu'l-Fazl, Akbarnama",734748
Xerxes I,Xerxes I,802613,persian,legend,8,King of Persia against Leonidas,"Herodotus; Aeschylus, Persians",770052
Edward I Longshanks,Edward I,800217,historical,legend,7,"Hammer of the Scots, foe of Wallace",Public domain history (d. 1307),874020
Hernan Cortes,Hernán Cortés,771114,historical,legend,7,Conquistador versus Moctezuma II in the list,"Bernal Diaz, True History",743040
Frederick the Great,Frederick the Great,760338,historical,legend,7,Prussian king-general,Public domain history (d. 1786),731340
Siren,Siren (mythology),743445,greek,legend,4,Odyssey song-monster,"Homer, Odyssey bk 12. SPIKE: peak 2026-07 is 3.1x the median month (Nolan's The Odyssey film, July 2026); steady rate about 563,196/yr",563196
Hadrian,Hadrian,738663,historical,legend,6,The wall-builder emperor,Historia Augusta,744084
Oda Nobunaga,Oda Nobunaga,734269,east-asian-folklore,legend,8,"First great unifier of Japan, pairs with Musashi","Shinchō Kōki (Ōta Gyūichi, 16th c.)",699048
Tokugawa Ieyasu,Tokugawa Ieyasu,722254,east-asian-folklore,legend,7,Final shogun-founder,Historical record,683364
Paris,Paris (mythology),721425,greek,legend,3,"Trojan prince, archer who killed Achilles","Homer, Iliad. SPIKE: peak 2026-07 is 11.2x the median month (Nolan's The Odyssey film, July 2026); steady rate about 315,096/yr",315096
Leif Erikson,Leif Erikson,712976,norse,legend,4,Viking explorer of Vinland,Saga of Erik the Red; Greenlanders' Saga,616272
Titans,Titans,664072,greek,patron,10,The elder gods as one cosmic-tier brand,"Hesiod, Theogony",633264
Akhenaten,Akhenaten,635009,egyptian,legend,5,The heretic pharaoh,Historical pharaoh (Amarna),605952
Sitting Bull,Sitting Bull,632166,historical,legend,6,Lakota war leader; d. 1890 so pre-1900,Historical record; owner may want a cultural-sensitivity read,616320
Caracalla,Caracalla,618795,historical,legend,5,Brutal soldier-emperor,Cassius Dio,568992
Wu Zetian,Wu Zetian,618516,east-asian-folklore,legend,6,Only female emperor of China,Old Book of Tang,570804
Rollo,Rollo,606338,norse,legend,6,Viking founder of Normandy,Dudo of Saint-Quentin,580428
Golem,Golem,598797,european-folklore,legend,6,"Clay guardian of Prague, pre-1929 legend","Jewish folklore; Grimm 1808 version; Rabbi Loew tale (1909 Rosenberg, folk older)",560448
Trajan,Trajan,594123,historical,legend,6,Dacian wars emperor,Cassius Dio; Trajan's Column,591216
Pompey,Pompey,582513,historical,legend,6,"Caesar's rival, Pompey the Great","Plutarch, Life of Pompey",580452
Nefertiti,Nefertiti,569327,egyptian,legend,3,"Amarna queen, strong visual brand",Historical record (Amarna),558084
Crassus,Marcus Licinius Crassus,541028,historical,legend,5,"Richest Roman, beat Spartacus","Plutarch, Life of Crassus",488088
Uranus,Uranus (mythology),538105,greek,patron,10,"Primordial sky god, castrated by Kronos","Hesiod, Theogony",510240
Toyotomi Hideyoshi,Toyotomi Hideyoshi,531427,east-asian-folklore,legend,7,Peasant-to-ruler warlord,Historical record,508272
Phoenix,Phoenix (mythology),526209,greek,legend,7,"Fire-bird, perfect arena creature","Herodotus; Ovid, Metamorphoses",527712
Icarus,Icarus,522838,greek,legend,3,The boy who flew too high,"Ovid, Metamorphoses",506712
Kitsune,Kitsune,516736,east-asian-folklore,legend,5,"Japanese fox spirit, huge pop appeal",Nihon Ryoiki (9th c.); folklore,485724
Crazy Horse,Crazy Horse,510672,historical,legend,6,"Lakota war leader, d. 1877",Historical record; owner may want a cultural-sensitivity read,495852
Darius the Great,Darius the Great,507888,persian,legend,7,Persian emperor at Marathon,Behistun Inscription; Herodotus,491352
Oedipus,Oedipus,498476,greek,legend,4,King who slew the Sphinx,"Sophocles, Oedipus Rex",500892
William Marshal,"William Marshal, 1st Earl of Pembroke",493821,historical,legend,8,"The greatest knight, tourney champion; fits the sword-duel theme",History of William Marshal (13th c.),435180
Walter Raleigh,Walter Raleigh,487649,historical,legend,5,Elizabethan swashbuckler,Public domain history (d. 1618),465840
Tipu Sultan,Tipu Sultan,477040,historical,legend,6,"Tiger of Mysore, d. 1799",Historical record,422316
Cesare Borgia,Cesare Borgia,456307,historical,legend,6,Condottiere-prince of Machiavelli,"Machiavelli, The Prince (1532)",457344
Romulus and Remus,Romulus and Remus,437094,roman,legend,5,Twin founders of Rome,"Livy, Ab Urbe Condita",433260
Brutus,Marcus Junius Brutus,434843,historical,legend,5,"Killer of Caesar, pairs with Caesar","Plutarch, Life of Brutus",433164
Sun Tzu,Sun Tzu,418136,east-asian-folklore,legend,6,The Art of War strategist,The Art of War (5th c. BC),406944
Amaterasu,Amaterasu,417862,east-asian-folklore,patron,10,"Sun goddess. OWNER CALL: Shinto kami, living religion (like the Hindu rule)",Kojiki (712),413892
Philip II of Macedon,Philip II of Macedon,416127,historical,legend,7,"Alexander's father, phalanx creator",Diodorus Siculus,407412
Unicorn,Unicorn,413469,european-folklore,legend,5,"One-horned beast, lance fight",Pliny; Physiologus; medieval bestiaries,407508
Hestia,Hestia,413416,greek,patron,9,Hearth goddess of the twelve,Hesiod; Homeric Hymns,391716
Will-o'-the-wisp,Will-o'-the-wisp,412125,european-folklore,legend,2,"Swamp light, low-rank spirit","European folklore, pre-1929",400812
Eros (Cupid),Eros,408621,greek,patron,9,God of love with a bow,Hesiod; Apuleius,396036
Cyclopes,Cyclopes,392929,greek,legend,6,One-eyed smith-giants (Polyphemus is already listed),"Hesiod, Theogony. SPIKE: peak 2026-07 is 6.2x the median month (Nolan's The Odyssey film, July 2026); steady rate about 231,480/yr",231480
Bjorn Ironside,Björn Ironside,389675,norse,legend,6,"Ragnar's son, sea-king",Gesta Danorum; sagas,370140
Jan Zizka,Jan Žižka,382315,historical,legend,6,One-eyed Hussite general,Chronicle of the Hussite wars,352320
Sulla,Sulla,378393,historical,legend,6,Roman dictator,"Plutarch, Life of Sulla",373140
Yggdrasil,Yggdrasil,377933,norse,legend,8,The world-tree as an arena set-piece boss,Poetic Edda; Snorri,372156
Tecumseh,Tecumseh,375622,historical,legend,6,"Shawnee war leader, d. 1813",Historical record; owner may want a cultural-sensitivity read,355200
Griffin,Griffin,374449,european-folklore,legend,5,Eagle-lion beast of bestiaries,Herodotus; medieval bestiaries,364116
Charles Martel,Charles Martel,374339,historical,legend,6,Tours 732 hammer of the Franks,Fredegar Chronicle,360336
Narcissus,Narcissus (mythology),362458,greek,legend,2,The self-admiring youth,"Ovid, Metamorphoses",322860
Sargon of Akkad,Sargon of Akkad,361354,mesopotamian,legend,7,"First empire-builder, fits the Mesopotamian group",Sargon Legend; Sumerian King List,361860
Rhea,Rhea (mythology),356205,greek,patron,9,Mother of the Olympians,"Hesiod, Theogony",344892
Shaka Zulu,Shaka,354175,historical,legend,7,"Zulu king, short stabbing spear (iklwa); d. 1828",Historical record; African group growth,324444
Jotnar,Jötunn,353223,norse,legend,7,The Norse giants as a family of bosses,Poetic Edda; Snorri,335340
Qilin,Qilin,348380,east-asian-folklore,legend,6,Chinese chimeric beast,Zuo Zhuan; Shanhaijing,345444
Oceanus,Oceanus,346782,greek,patron,10,Titan river-encircling the world,"Hesiod; Homer. SPIKE: peak 2026-07 is 6.2x the median month (Nolan's The Odyssey film, July 2026); steady rate about 215,628/yr",215628
Nike,Nike (mythology),343146,greek,patron,9,Winged victory goddess,"Hesiod, Theogony",314616
Tantalus,Tantalus,341927,greek,legend,4,King punished in Tartarus,"Homer, Odyssey 11; Pindar. SPIKE: peak 2025-12 is 3.2x the median month; steady rate about 254,208/yr",254208
Satyr,Satyr,340499,greek,legend,3,Goat-man of Dionysus' retinue,"Greek vase painting; Euripides, Cyclops",334188
Zheng He,Zheng He,333257,east-asian-folklore,legend,5,Ming admiral of treasure fleets,Yingya Shenglan (15th c.),311640
Ching Shih,Zheng Yi Sao,332741,historical,legend,6,"Pirate queen of the China seas, d. 1844",Historical record,291696
Adonis,Adonis,329644,greek,legend,3,Youth killed by the boar,"Ovid, Metamorphoses",325356
Basilisk,Basilisk,329185,european-folklore,legend,6,Serpent-king whose gaze kills,"Pliny, Natural History; bestiaries",295332
Francisco Pizarro,Francisco Pizarro,326252,historical,legend,6,Conquistador of the Inca,Pedro Pizarro (16th c.),287556
Pandora,Pandora,324950,greek,legend,2,"First woman, jar of evils","Hesiod, Works and Days",295188
Midas,Midas,320460,greek,legend,3,Golden-touch king,"Ovid, Metamorphoses",291180
Leprechaun,Leprechaun,317750,celtic,legend,2,Irish shoemaker spirit,"Irish folklore (Croker 1825). SPIKE: peak 2026-03 is 4.6x the median month; steady rate about 239,208/yr",239208
Daedalus,Daedalus,298930,greek,legend,4,The maze-maker,Ovid; Apollodorus,289044
Minos,Minos,293578,greek,legend,5,"Cretan king, judge of the dead",Homer; Apollodorus,288516
Asclepius,Asclepius,293419,greek,legend,4,Healer-hero (secular Greek cult),Homer; Pindar,294636
Pericles,Pericles,292286,historical,legend,5,Athenian statesman-general,Thucydides,278052
Nezha,Nezha,291547,east-asian-folklore,legend,5,"Chinese child-hero with fire-wheels, spear",Investiture of the Gods (16th c.),264648
Gustavus Adolphus,Gustavus Adolphus,290376,historical,legend,6,Lion of the North,Public domain history (d. 1632),269508
Khufu,Khufu,286809,egyptian,legend,3,Great Pyramid pharaoh,Herodotus; historical,264804
Leto,Leto,285562,greek,patron,9,Mother of Apollo and Artemis,Homeric Hymn to Apollo,270768
Erik the Red,Erik the Red,285075,norse,legend,4,Outlaw founder of Greenland,Saga of Erik the Red,253176
Cao Cao,Cao Cao,284019,east-asian-folklore,legend,7,"Three Kingdoms warlord, pairs with Lu Bu and Zhao Yun",Romance of the Three Kingdoms; Records of the Three Kingdoms,261588
Mummy,Mummy,281542,egyptian,legend,3,"Wrapped undead pharaoh, pairs with Queen Tera",Egyptian burial lore; Victorian fiction (Alcott 1869; Doyle 1892),262140
Hammurabi,Hammurabi,277924,mesopotamian,legend,5,Babylonian law-king,Code of Hammurabi,273864
Seti I,Seti I,250791,egyptian,legend,5,Warrior-pharaoh of Kadesh era,Historical pharaoh,241308
Guan Yu,Guan Yu,249831,east-asian-folklore,legend,8,"Three Kingdoms war-saint, green dragon glaive",Romance of the Three Kingdoms (14th c.),239436
Matthias Corvinus,Matthias Corvinus,244279,historical,legend,6,"Hungarian Raven King, Black Army","Bonfini, Rerum Ungaricarum",242172
William Kidd,William Kidd,241142,historical,legend,4,"Captain Kidd, d. 1701",Public domain history,222324
Owain Glyndwr,Owain Glyndŵr,240906,celtic,legend,6,Last Welsh prince of Wales,Public domain history (d. c.1415),203052
Cato the Younger,Cato the Younger,238008,historical,legend,4,Stoic who chose death over Caesar,"Plutarch, Life of Cato",238932
Zhong Kui,Zhong Kui,236641,east-asian-folklore,legend,5,Demon-hunter with a sword in Chinese folklore,"Tang folklore; Ming-era paintings. SPIKE: peak 2026-08 is 6.5x the median month; steady rate about 145,644/yr",145644
Long John Silver,Long John Silver,235911,literary,legend,4,One-legged pirate,"Stevenson, Treasure Island (1883), public domain",223776
Yellow Emperor,Yellow Emperor,233853,east-asian-folklore,patron,9,"Mythic ancestor of the Chinese, fought Chiyou",Shiji; Shanhaijing,231072
Orestes,Orestes,233371,greek,legend,4,Matricide hero,"Aeschylus, Oresteia. SPIKE: peak 2026-07 is 6.9x the median month (Nolan's The Odyssey film, July 2026); steady rate about 133,980/yr",133980
Gargoyle,Gargoyle,225707,european-folklore,legend,4,Stone rain-spout monster,Medieval cathedral lore; Rouen legend of La Gargouille,225660
Quasimodo,Quasimodo,225198,literary,legend,4,Bell-ringer hunchback,"Hugo, Notre-Dame de Paris (1831), public domain",221364
Hayreddin Barbarossa,Hayreddin Barbarossa,224812,historical,legend,6,Ottoman corsair admiral,Historical record,223092
Susanoo,Susanoo-no-Mikoto,223624,east-asian-folklore,patron,9,"Storm god, slayer of Yamata no Orochi. OWNER CALL: Shinto kami",Kojiki (712),199560
Gorgons,Gorgons,221461,greek,legend,6,Medusa's sisters (Medusa is already listed),Hesiod; Apollodorus,214092
Zhuge Liang,Zhuge Liang,219432,east-asian-folklore,legend,7,Three Kingdoms strategist,Romance of the Three Kingdoms,213396
Ghoul,Ghoul,218046,european-folklore,legend,3,Grave-eater of Arabian tales,"Galland, Arabian Nights (1704)",204384
Ashurbanipal,Ashurbanipal,217574,mesopotamian,legend,6,Assyrian lion-hunter king,Library of Ashurbanipal,216120
Wyvern,Wyvern,216504,european-folklore,legend,5,Two-legged heraldic dragon,Medieval heraldry,208332
Henry Morgan,Henry Morgan,214713,historical,legend,5,"Caribbean buccaneer, d. 1688","Exquemelin, Buccaneers of America (1678)",202728
Manticore,Manticore,214302,european-folklore,legend,6,Man-lion-scorpion beast,Ctesias; Pliny,215880
Gaius Marius,Gaius Marius,209033,historical,legend,5,Reformer of the legions,"Plutarch, Life of Marius",207924
Harpy,Harpy,203085,greek,legend,3,Winged storm-spirits,"Hesiod; Apollonius Rhodius, Argonautica",199260
Antigone,Antigone,201162,greek,legend,2,Theban princess,"Sophocles, Antigone",199704
Brian Boru,Brian Boru,200460,celtic,legend,5,"High King of Ireland, Clontarf 1014",Cogad Gaedel re Gallaib,187860
Priam,Priam,200094,greek,legend,3,King of Troy,"Homer, Iliad. SPIKE: peak 2026-07 is 4.8x the median month (Nolan's The Odyssey film, July 2026); steady rate about 135,792/yr",135792
Jean Lafitte,Jean Lafitte,199721,historical,legend,4,"Privateer at New Orleans, d. c.1823",Public domain history,187428
Atahualpa,Atahualpa,199227,lost-civilisations,legend,5,Last free Sapa Inca,Spanish chronicles,160764
Captain Nemo,Captain Nemo,199085,literary,legend,5,"Submarine captain, harpoon duel with the Kraken","Verne (1870), public domain",200184
Liu Bei,Liu Bei,191206,east-asian-folklore,legend,6,"Three Kingdoms founder-king, twin swords",Romance of the Three Kingdoms,178020
Cyrano de Bergerac,Cyrano de Bergerac,185850,literary,legend,5,"Swordsman-poet, famed duellist",Rostand (1897); real Cyrano (d. 1655),182880
Proteus,Proteus,184417,greek,legend,4,Shape-shifting sea god,"Homer, Odyssey bk 4",171600
Arachne,Arachne,183903,greek,legend,3,Spinner turned spider,"Ovid, Metamorphoses",182856
Yamata no Orochi,Yamata no Orochi,183450,east-asian-folklore,legend,8,"Eight-headed serpent, a headline Japanese monster",Kojiki (712),179052
